{"data":[{"xs":{"input0":278.8762941044441,"input1":106.8359041864644,"input2":284.91294578269674,"input3":100.12037942748785,"input4":268.8981179280123,"input5":101.99931049904626,"input6":298.3770887289363,"input7":105.59315166510567,"input8":256.39777527450354,"input9":113.22934870134318,"input10":327.46674059892024,"input11":155.66833734047574,"input12":245.32190274541605,"input13":172.45110881723622,"input14":388.88049268815485,"input15":158.15554836340115,"input16":233.99704842074803,"input17":241.41101398430834,"input18":471.1007833201983,"input19":156.35360271610014,"input20":231.43851058989705,"input21":308.6172271193119,"input22":317.96314261810124,"input23":311.4444213629233,"input24":265.7722856845075,"input25":315.74314526414776,"input26":312.44460196987694,"input27":420.3295834487409,"input28":276.176028781467,"input29":417.47844688608865,"input30":317.4424691599944,"input31":475.69363480655306,"input32":282.60446976035195,"input33":473.96948593169384},"ys":{"output0":"l"}},{"xs":{"input0":273.9227068865741,"input1":107.0188912731862,"input2":280.6919380470558,"input3":97.67532898901032,"input4":262.11985299926516,"input5":101.29956399720547,"input6":293.15759550990646,"input7":106.1098112883391,"input8":252.32663457621373,"input9":117.15200978180584,"input10":326.91910176714026,"input11":158.33840561656692,"input12":242.6037514372411,"input13":175.94755592866713,"input14":391.21101364522417,"input15":157.20756337424234,"input16":225.03690961276345,"input17":245.7950679786489,"input18":473.6624460796631,"input19":152.231645788598,"input20":237.1899544937104,"input21":307.8306368405823,"input22":322.2552160073442,"input23":313.21976987009623,"input24":263.3810983996177,"input25":327.7490198681926,"input26":323.332895200852,"input27":420.49494886491266,"input28":276.04600991886724,"input29":413.9099144889132,"input30":317.6303842704431,"input31":474.0217682539138,"input32":280.78664247985006,"input33":478.3045791417767},"ys":{"output0":"l"}},{"xs":{"input0":434.875383879009,"input1":115.48046149240832,"input2":441.83563648841067,"input3":109.69739590471946,"input4":427.2148022270574,"input5":111.199065983644,"input6":451.5514660811099,"input7":121.31215740597966,"input8":414.04827690496313,"input9":120.70474814253242,"input10":467.99201950459917,"input11":179.28563196059554,"input12":392.6304224917763,"input13":165.16022858796296,"input14":488.61890766820477,"input15":256.75125716954875,"input16":337.8095016330771,"input17":172.65728807356388,"input18":493.1550940203155,"input19":345.5770594427692,"input20":344.5568455032438,"input21":167.41677862394158,"input22":451.14539430852517,"input23":329.13028174208847,"input24":395.64673470242445,"input25":321.87875580369376,"input26":444.6163934480842,"input27":406.6445583767361,"input28":406.3719614486248,"input29":402.8161478321454,"input30":434.0258913988258,"input31":470.8754196315713,"input32":405.27395742910875,"input33":458.8917363317389},"ys":{"output0":"r"}},{"xs":{"input0":435.7737725984748,"input1":113.12807555319503,"input2":443.94267775626673,"input3":108.12605235079343,"input4":427.47726113243175,"input5":107.43375365497076,"input6":452.7886671397188,"input7":119.57249417407238,"input8":412.71882174307837,"input9":118.73183542292483,"input10":468.65222596285633,"input11":179.5601892936067,"input12":393.05679886429397,"input13":166.54079801622655,"input14":488.750252231055,"input15":256.8167500932779,"input16":335.10417677970423,"input17":171.33750513980263,"input18":489.93293568869547,"input19":337.63254593222695,"input20":334.226866604989,"input21":165.07369548953764,"input22":450.9228777374208,"input23":331.2297013489126,"input24":394.51645224647444,"input25":323.7063732481839,"input26":443.00318072878594,"input27":413.3611858286123,"input28":407.474006518983,"input29":419.59554988273635,"input30":437.21419098316807,"input31":472.4545978152031,"input32":427.36359713370337,"input33":473.57010928743296},"ys":{"output0":"r"}},{"xs":{"input0":461.7910406696401,"input1":112.94429548534964,"input2":470.3011424639071,"input3":108.67665787189327,"input4":454.50905396459626,"input5":107.27066843133224,"input6":475.8407441077874,"input7":121.76461604603548,"input8":441.21728268747904,"input9":115.99006667704145,"input10":491.88462642201205,"input11":180.9326292339124,"input12":411.143114115992,"input13":156.39423749600238,"input14":510.5874877691733,"input15":265.21052726760473,"input16":353.43450594599017,"input17":136.8995535629302,"input18":507.42119088275155,"input19":335.286348279689,"input20":291.16352995933846,"input21":94.66135690551519,"input22":472.6261541950307,"input23":334.17562800773635,"input24":420.96538952684307,"input25":320.4630724217227,"input26":450.28178670485346,"input27":435.69409792418594,"input28":428.91444334509777,"input29":435.4232570953071,"input30":443.7294431690119,"input31":497.90890059740684,"input32":443.90275891993707,"input33":497.9105212116799},"ys":{"output0":"i"}},{"xs":{"input0":448.95794487371313,"input1":112.60837071587932,"input2":456.79675587436606,"input3":106.83063945807442,"input4":441.29405566358656,"input5":104.88478692186737,"input6":467.0752756219161,"input7":117.28676883333142,"input8":426.99850636383707,"input9":116.98998672455608,"input10":478.4927839610079,"input11":182.41455673009563,"input12":401.8837804961623,"input13":157.06602799265008,"input14":494.69761928387317,"input15":269.67631379066154,"input16":348.3292524252254,"input17":143.19451464082297,"input18":496.4951947604471,"input19":328.51819133200837,"input20":273.2852952150341,"input21":96.17354216399016,"input22":456.2958462661237,"input23":332.8677552578277,"input24":407.03320479067673,"input25":320.19135770741957,"input26":446.8067899410255,"input27":413.0414621453536,"input28":443.0537810149016,"input29":411.9942303335922,"input30":439.89338746544905,"input31":458.2651301155313,"input32":440.64387687697973,"input33":458.4849686650505},"ys":{"output0":"i"}}]}